name,quadrant,ring,score,description,community update
AI4Finance-Foundation/ElegantRL,RL,Assess,0.6051047158710686,基于 PyTorch 的可扩展、轻量级且高效的深度强化学习库。,在 2026 年 1 月，ElegantRL 仓库在 GitHub 上未发布新版本（Release），也未产生新的 Pull Request 或创建新的 Issue。核心活动表现为对一个已有 Issue（#466）的持续讨论，该讨论聚焦于框架是否支持状态归一化功能，反映出社区用户在实际应用中对模型性能优化的关注与困惑。尽管仓库在 2026 年初仍有更新提交记录（last updated: 2026-01-28），但缺乏公开的 PR 和发布活动，表明此期间的技术迭代可能处于内部开发或低活跃度维护状态。外部搜索未发现任何关于 ElegantRL 在当月的技术博客、会议或新闻报道，社区动态主要局限于 GitHub Issue 和已知的 QQ 群交流。整体来看，ElegantRL 在 2026 年首月处于社区使用反馈阶段，缺乏显著的公开技术进展或新功能发布，未来发展动向有待观察后续的代码提交和官方公告。
ByteDance-Seed/Triton-distributed,Kernels,Assess,0.2928029311236494,字节跳动推出的基于 Triton 的分布式训练通信扩展，支持多厂商硬件环境（如 AMD ROCm），旨在提升分布式计算的兼容性。,2026 年 1 月，ByteDance-Seed/Triton-distributed 项目在社区活跃度上保持稳定，核心进展集中于对 AMD GPU 生态的扩展。本月最关键的事件是 PR #145 的更新，该项目正式引入 mori-shmem 通信后端，标志着项目从 NVIDIA CUDA 专属生态向异构硬件（ROCm）迈出实质性一步，为未来支持更多国产加速卡奠定技术基础。虽然未发布新版本，但持续的代码更新（如 PR #138 对 METAX 后端的维护）表明项目仍在积极迭代。开源社区的 Issue 反馈（如二维码过期）显示其已形成一定用户基础，但尚无公开的官方技术博客、会议分享或路线图更新，社区透明度仍有提升空间。整体而言，本月项目以“底层通信层扩展”为核心，技术方向明确，聚焦于提升分布式训练在多厂商硬件环境中的兼容性，符合当前国产 AI 硬件生态发展的战略趋势。
DLR-RM/stable-baselines3,RL,Assess,0.9093802838495544,基于 PyTorch 的一组可靠的强化学习算法实现，是 Stable Baselines 的后继者。,在 2026-01 期间，DLR-RM/stable-baselines3 社区虽无新版本发布，但活跃度保持稳定，主要围绕文档完善与 Bug 修复展开。三项 Pull Request（#2212、#2211、#2209）均在本月创建，其中 #2212 和 #2211 分别贡献了关键文档示例和环境检测增强，体现了社区对易用性和鲁棒性的持续关注。Issue #2210 的提出反映了开发者希望将 SB3 集成至更广泛的智能体生态中的兴趣，虽未被采纳，但具社区前瞻意义。关键修复 PR #2208 解决了长期存在的多维离散动作空间兼容性问题，关联的 Issue #2207 在 2026-01 被重新激活并闭环，显示了维护者对用户反馈的及时响应。值得注意的是，尽管 GitHub 上有 2026-01 的活动，外部生态未出现官方博客、会议或行业新闻，表明该月为常规维护期，非重大发布窗口。整体来看，项目在保持技术稳定的同时，正逐步向更友好的文档体系与更健壮的环境适配方向演进，为未来支持 Python 3.13 及更高版本奠定了基础。
Dao-AILab/flash-attention,Pretraining,Trial,0.7599727414274111,提供快速且内存高效的精确注意力实现（IO 感知）的库，用于加速 Transformer 的训练和推理。,在 2026-01 期间，Dao-AILab/flash-attention 仓库虽未发布新版本，但社区活跃度显著，核心进展集中于对非 NVIDIA 硬件（特别是 AMD ROCm）的深度优化。多个关键 Pull Request 引入了 Flash Attention V3 的初步支持、FP8 性能调优、变长序列后向传播和 AMD Infinity Cache 感知优化，标志着项目正从“NVIDIA 专属加速”向“多架构通用高性能注意力”战略转型。同时，针对 Windows 兼容性、构建依赖和预编译包缺失等工程问题的修复，提升了项目在复杂生产环境中的可用性。尽管缺乏官方博客或会议发布，但 GitHub 上密集的 PR 与 Issue 活动反映了开发团队正稳步推进技术边界，尤其在利用 Triton 和 CUTLASS 实现跨平台性能最大化方面表现突出。用户反馈集中在新版本（如 torch2.9）的 wheel 包缺失和构建报错，表明项目在发布节奏和生态支持方面仍有提升空间。整体来看，该仓库在 2026-01 取得了实质性的技术突破，持续巩固其作为 LLM 推理加速事实标准的地位。
FlagTree/flagtree,Kernels,Assess,0.4677634746162087,智源研究院（FlagAI）开发的统一 AI 编译框架，作为一个 Triton 衍生项目，专注于算子统一表达和对国产 AI 芯片的广泛支持。,2026 年 1 月，FlagTree 项目迎来关键性里程碑，正式发布 v0.4.0 版本，标志着其从“Triton 衍生编译器”向“自主可控的统一 AI 编译框架”迈出坚实一步。该版本不仅通过新增 TLE/TLE-Raw 支持，显著增强了对底层算子的自定义能力，还同步完善了关键后端（Ascend、Sunrise）的文档与配置修复，极大提升了开发者体验。GitHub 活动显示，团队在本月共关闭 10 个高质量 PR 和 1 个关键特性请求（Issue #212），体现出高效、协作的开发节奏。PR 内容覆盖文档规范、编译器稳定性、后端适配、接口重构等多个维度，表明项目正从快速原型阶段进入系统性优化期。尽管缺少外部媒体报道，但通过 Wiki 更新与版本发布，项目已构建起清晰的技术叙事。未来趋势明确：以 EDSL 为核心实现算子统一表达，逐步摆脱对 Triton 内部实现的依赖，为支持更多国产 AI 芯片提供可扩展架构。整体而言，FlagTree 在 2026-01 展现出成熟、稳健、面向生态的社区发展态势。
InternLM/InternEvo,Pretraining,Assess,0.23662968951688407,开源的轻量级训练框架，旨在支持模型预训练，无需大量依赖。,在 2026 年 1 月，InternLM/InternEvo 仓库在 GitHub 上未发布新版本（Release）、未合并任何新功能或修复性 Pull Request，也未创建或更新任何 Issue，技术活动处于静默状态。尽管仓库的最后更新时间为 2026-01-10，但无公开提交记录，推测可能仅涉及自动化脚本、配置文件或非代码层面的维护。值得注意的是，外部社区在该月出现一篇关于 InternLM 生态推理技术趋势的博客文章，表明该系列模型仍在学术与工业界引发关注。然而，该文章未直接关联 InternEvo 项目本身，因此无法推断其开发路线是否有所调整。综上，InternEvo 在 2026-01 期间未发生实质性技术演进，整体社区活跃度较低，可能正处于版本稳定期或开发节奏放缓阶段，建议持续关注后续的官方公告或技术报告以获取未来动态。
InternLM/lmdeploy,inference,Trial,0.675598359571202,用于压缩、部署和服务 LLM 的高效工具包。,
InternLM/xtuner,finetune,Assess,0.5472986816797712,用于微调大型语言模型（LLM）的高效、灵活且功能齐全的工具包。,
LMCache/LMCache,inference,Assess,0.838161930510553,一种用于大型语言模型（LLM）的高效 KV 缓存存储和检索系统。,
ModelEngine-Group/fit-framework,AIAgent,Assess,1.0600879335613091,面向代理的规划和任务执行框架。,
NVIDIA-NeMo/RL,RL,Assess,0.7821365022411715,NVIDIA NeMo 框架中的强化学习库，用于训练大规模 RL 模型。,在 2026 年 1 月，NVIDIA-NeMo/RL 仓库展现出高度活跃的工程维护态势，虽未发布新版本，但围绕 v0.5.0 分支开展了一系列关键性开发活动。核心进展集中在安全加固（setuptools 升级以修复 CVE 漏洞）、工程化增强（FT 启动器配置与文档完善）和代码基础设施优化（DTensor 数据工具重构）。这些工作表明项目正从快速功能迭代转向生产级稳定性建设。同时，团队对 CI/CD 和配置管理的重视，反映了其向企业级部署靠拢的战略方向。虽然缺乏外部博客或会议动态，但 GitHub 上密集的 PR 和分支操作表明社区内部活跃度高且开发流程成熟。未来趋势预计将以 v0.5.0 为节点，推动 NeMo-RL 进入更稳定、安全、易部署的阶段，持续巩固其在大模型强化学习后训练领域的领先地位。
NVIDIA/Megatron-LM,Pretraining,Assess,0.9224135028513799,用于大规模 Transformer 模型训练研究的仓库，提供 Megatron-LM 参考示例和 Megatron Core 库。,2026年1月，NVIDIA/Megatron-LM 社区在技术推进上保持稳健节奏，虽无颠覆性新特性发布，但通过核心版本 v0.15.1 和 v0.15.2 的快速迭代，显著提升了分布式训练的稳定性与兼容性，尤其在MoE架构和多模态部署方面完成关键修复。PR活动集中于测试完善与代码规范（如Dataclass迁移、单元测试标准化），反映出项目正从功能扩张转向工程成熟。外部层面，CES 2026 上NVIDIA高层将Megatron Core定位为大模型训练的开源基石，与NeMo、TensorRT-LLM共同构建端到端生态，极大强化了其行业影响力。尽管无新博客或会议发布，但社区共识正从“是否使用”转向“如何优化”，预示其已进入企业级生产部署的关键阶段。未来趋势聚焦于Hopper架构优化与更多开源模型支持，整体发展健康且方向明确。
NVIDIA/TensorRT-LLM,inference,Assess,1.3898944942597873,用于在 NVIDIA GPU 上优化和加速大型语言模型推理的库。,
NVIDIA/cutile-python,Kernels,Assess,0.23413510101598536,NVIDIA 推出的 Python 库，旨在将复杂的 CUDA 编程抽象为类 NumPy 的简单语法，降低高性能计算的门槛，被定位为下一代 GPU 编程标准。,2026年1月，NVIDIA/cutile-python 仓库虽未发布新版本，但社区活动异常活跃，整体呈现“生态推广主导、功能持续演进”的特征。核心进展体现在两个层面：一是技术层面，PR #52 引入对 FlashAttention 后向传播的支持，显著拓展了其在大模型训练中的应用潜力；二是生态层面，NVIDIA 通过官方博客、GTC 2026 会议预热及 MEXC 性能指南，密集推广 cuTILE 在 Blackwell 架构上的卓越性能，将其定位为下一代 GPU 编程标准。与此同时，社区反馈的 bug（如 DLL 加载失败、版本号错误）表明该工具正从实验性项目向生产级库过渡，稳定性需求上升。综合来看，cuTILE Python 已从技术原型进入规模化应用推广阶段，其核心价值在于将复杂 CUDA 编程抽象为类似 NumPy 的 Python 语法，极大降低高性能计算门槛。未来趋势将围绕“CUDA 本体 Python化”深化，与 Triton、Torch.compile 等生态协同，成为 NVIDIA 在 AI 框架层面的核心竞争力之一。
NVlabs/Fast-dLLM,inference,Assess,0.29492406558664336,NVIDIA 实验室推出的用于分布式 LLM 推理的快速且高效的框架。,
NovaSky-AI/SkyRL,RL,Assess,0.7293729732139761,专为云原生环境设计的强化学习框架。,在 2026 年 1 月，NovaSky-AI/SkyRL 项目虽未发布新版本，但社区开发活跃度极高，呈现“持续迭代、深度优化”的典型高成熟度开源项目特征。核心团队聚焦于系统性能与架构现代化：通过多个 PR 实现了异步训练、动态学习率控制、Harbor 集成等关键功能，显著提升了训练效率与工程可维护性。在推理层，LoRA 模块重构与自定义 chat template 的加入，增强了对大模型微调的兼容性与灵活性。同时，开放的 Issues 显示对 Ray RDT 集成、KV 缓存优化等前沿方向的前瞻探索，表明项目正从“功能完备”向“高性能、低延迟、可扩展”的生产级 RL 框架演进。尽管缺乏官方博客或会议发布，但 GitHub 上密集的高质量 PR 与跨团队协作（如与 Harbor、Tinker 集成）充分体现了其在 AI Agent 领域的工程领导力。整体来看，SkyRL 在 2026 年 1 月完成了从“功能发布”到“系统精炼”的关键过渡，是当前 LLM 强化学习框架中最具工程深度的项目之一。
OpenBMB/BMTrain,Pretraining,Assess,0.2681227656023861,用于大模型（包括预训练和微调）的高效训练库，利用 ZeRO 优化来减少内存使用。,在2026年1月期间，OpenBMB/BMTrain 仓库未记录任何实质性的开发活动。GitHub 上未发布新版本（Release），无新合并的 Pull Request，未出现新的 Issue 或讨论，所有历史活动均集中于2024年及更早时期。外部搜索引擎亦未发现任何官方博客、技术文章、会议演讲或行业新闻提及该项目在该月的动态。这表明 BMTrain 在该月可能处于维护性静默期，或核心开发团队正专注于其他项目（如 BMShi、CPM-Bee 等 OpenBMB 生态成员）的迭代。尽管其作为高效大模型训练框架的架构设计（如 ZeRO、Pipeline、Tensor Parallel）仍具影响力，但社区活跃度在本报告期内显著下降，建议关注后续版本发布或 OpenBMB 官方渠道获取未来更新趋势。
OpenPipe/ART,RL,Assess,0.872973902985782,用于自动化红队测试（Red Teaming）和评估大型语言模型的工具。,2026 年 1 月，OpenPipe/ART 项目在社区活跃度和功能演进上表现强劲。月内连续发布三个小版本（v0.5.5–v0.5.7），聚焦依赖稳定性与模型兼容性，同时核心团队推进了多项关键架构改进：引入 TinkerNativeBackend 实现本地高效训练、新增 TrajectoryGroup 级别元数据支持以提升评估能力、修复工具调用与温度参数等关键训练 bug。项目在 GitHub 上的 PR 与 Issue 活跃度高，社区贡献显著，且开发语言从 pyright 切换至 ty，显示其对代码质量与类型安全的持续投入。外部层面，OpenPipe 被 CoreWeave 收购后，ART 作为核心开源工具被明确纳入其 AI 基础设施战略，未来将融合监督微调（SFT）与强化学习（RL），构建生产级智能体训练平台。尽管无官方技术大会或博客发布，但 Simon Willison 等技术社区领袖的引用表明其影响力已深入行业。整体而言，ART 在 2026 年初完成了从实验性工具向工程化平台的转型，成为 LLM 代理训练领域最具活力的开源项目之一。
OpenRLHF/OpenRLHF,RL,Trial,1.0890131645811678,基于 Ray、DeepSpeed 和 HF Transformers 的高性能 RLHF 框架。,在 2026 年 1 月，OpenRLHF 项目迎来一次关键的架构升级，通过发布 v0.9.1 及其补丁版本，全面完成了从传统训练流程向“代理即服务”（Agent-as-a-Service）架构的转型。该版本引入了 Token-in-Token-out 的核心执行引擎，使模型训练与推理单元实现模块化封装，大幅提升了分布式环境下的稳定性与资源调度效率。多个关键 PR（如 #1171、#1170、#1173）围绕 vLLM 集成、数据类型统一和模型导出控制进行优化，体现出社区对生产级部署的深度专注。同时，对 AgentInstance 的修复（PR #1169）与 SignalActor 的并发重构（PR #1163）显著提升了系统在高并发场景下的可靠性。尽管当月未出现公开的外部公告或会议，但其内部技术迭代速度与代码质量控制（如自动化 pre-commit）表明该项目已进入成熟稳定期，正朝着轻量化、可组合、生产可用的 RLHF 框架稳步演进，其架构理念对后续开源项目具有重要参考价值。
PaddlePaddle/PaddleNLP,finetune,Trial,0.8022745868690588,基于 PaddlePaddle 的自然语言处理库，提供丰富的预训练模型和工具。,
PeterGriffinJin/Search-R1,RL,Assess,0.26220123491455716,基于 R1 算法的搜索优化项目。,在2026年1月期间，PeterGriffinJin/Search-R1 仓库整体活动极为有限，未发布任何新版本（Release），也未合并任何新功能或修复的 Pull Request。唯一可确认的活动是 Issue #50 在 2026-01-13 被更新，但该 Issue 本身于 2025 年 3 月创建，更新内容未体现实质性进展，仅可能是维护性回复。同时，通过外部搜索未发现任何官方博客、技术文章、会议发言或行业新闻提及该项目在该月的动态。整体来看，该仓库在 2026-01 处于低活跃维护状态，可能为项目阶段性休整期，核心开发团队未发布任何新进展。建议关注其 2025 年 3 月发布的 arXiv 论文（[链接](https://arxiv.org/abs/2503.09516)）以了解其原始技术框架。
PrimeIntellect-ai/verifiers,RL,Assess,0.7402277364846188,用于验证 AI 模型输出或行为的工具库。,在 2026 年 1 月，PrimeIntellect-ai/verifiers 仓库展现出高度活跃且聚焦的技术演进态势。核心进展围绕 RLM（递归语言模型）环境的架构优化展开，通过一系列高质量的 Pull Request，团队系统性地清理了代码沙箱、统一了错误传播机制、实现了沙箱批量销毁与资源安全回收，极大提升了系统在复杂任务中的稳定性与可维护性。v0.1.10.dev0 的发布标志着该库正从功能扩展转向架构精炼，为构建可靠的长周期 AI 代理奠定坚实基础。值得注意的是，官方社交媒体在 1 月初提出“RLM 是 2026 年范式”的愿景，与此月工程实践形成强力呼应，表明该项目不仅是一个工具库，更是 PrimeIntellect 在 AGI 架构探索中的关键工程载体。尽管未发布正式博客或召开会议，但密集、高质量的代码贡献与清晰的架构演进路径，显示其社区正处于从实验性研究向生产级框架转型的关键阶段，技术方向明确，工程执行力强劲。
RLinf/RLinf,RL,Assess,0.6371149534934684,用于强化学习推理和部署的库。,在 2026 年 1 月，RLinf 社区呈现出高度活跃的技术演进态势。尽管未发布新版本，但核心开发团队与社区贡献者密集推动多项关键技术模块的落地，包括分布式通信支持（PR #636）、推理型算法 rstar2（PR #522）、PPO 专用 Critic 模型（PR #580）以及多智能体搜索架构（PR #635），这些进展标志着 RLinf 正从基础框架向支持复杂具身智能体训练的生产级平台加速转型。与此同时，用户对 GROOT n1.6 等前沿模型的支持请求（Issue #638）和环境复现问题（Issue #637）也表明其技术影响力正在扩大。外部方面，Oreate AI 发布的深度技术博客进一步提升了 RLinf 在开源 AI 社区的知名度，为其后续生态构建奠定舆论基础。整体来看，RLinf 在 2026-01 期间虽未发布版本，但实现了从代码贡献、功能扩展到社区声量的多维突破，展现出强劲的可持续发展动能。
THUDM/slime,RL,Trial,1.002554001048043,稳定学习与推理的模块化环境（SLIME）。,在 2026 年 1 月，THUDM/slime 项目迎来了关键性的 v0.2.2 版本发布，标志着其作为 LLM 强化学习后训练框架的核心能力进一步成熟。该版本引入了 Int4-QAT 量化训练与完整的 Rollout Routing Replay（R3）架构，显著提升了在大规模模型（如 Qwen3-VL）上的训练效率与资源利用率，尤其是对 DeepEP 与 MTP 的深度集成，为多阶段 RL 优化提供了坚实基础。与此同时，社区活跃度持续上升，本月共出现 10 个新 Issue，主要聚焦于训练稳定性（如 SGLang 并行挂起、CUDA 内存溢出）、数据接口兼容性及模型格式转换等工程痛点，反映出用户规模扩大与应用场景深化。文档与工具链也在同步完善，PR #1448 的文档更新和 PR #1414 的关键修复表明维护团队响应迅速。尽管未出现公开的外部会议或行业报道，但其 GitHub 活动密度与技术深度已使其成为 LLM 强化学习领域的重要开源基础设施。整体来看，2026-01 是 slime 从“可用”迈向“稳健生产级”的关键一月，其技术演进路径清晰，社区生态正稳步构建。
Tencent/KsanaLLM,inference,Assess,0.15940204852183557,腾讯推出的用于加速 LLM 推理的高性能库。,
agentica-project/rllm,RL,Assess,0.4269521932979804,结合强化学习与大型语言模型的库。,在 2026 年 1 月，agentica-project/rllm 项目虽未发布新版本或重大功能更新，但社区仍保持一定的活跃度。该月新增两个重要 Issue（#10 和 #11），分别聚焦于文档错误修正与大规模环境下的缓存策略优化，显示出用户对项目实际部署细节的关注正在深化。尽管此前的 PR 和 Issue 多集中于 2025 年的开发阶段，但 2026 年初的反馈表明，项目正从核心架构建设转向实际使用中的稳定性与可扩展性问题。外部社区中虽有大量关于“Agentic AI 2026 路线图”的行业分析，但均未提及 rLLM 项目本身有官方规划更新，表明该项目当前仍以开源协作为主导，尚未进入大规模宣传或生态扩张阶段。整体来看，项目在 2026 年 1 月维持了稳定、务实的社区节奏，核心贡献者可能正专注于修复体验痛点和提升开发者友好度，为未来版本奠定坚实基础。建议关注 Issue #11 的后续讨论，其可能成为下一阶段性能优化的突破口。
ai-dynamo/dynamo,inference,Assess,0.9262857597656322,用于 AI 动态优化的框架。,
alibaba/ChatLearn,RL,Assess,0.21466940441475474,阿里巴巴基于 PyTorch 的大规模对话模型训练框架。,在 2026 年 1 月，阿里巴巴开源项目 ChatLearn 未表现出任何活跃的社区或技术进展。GitHub 仓库中无新发布的版本（Release）、无新增或合并的拉取请求（PR）、无新创建或更新的议题（Issue），所有近期活动均集中于 2025 年下半年，如 v1.2.0 版本发布及对 Qwen3 系列模型的支持。外部搜索引擎未发现任何官方博客、技术报告、行业新闻或会议演讲提及 ChatLearn 在该月有动态。这表明项目在 2026 年初可能进入维护或低活跃期，团队重心或已转向其他内部或新项目。尽管 ChatLearn 作为支持大规模强化学习训练的框架在 2024–2025 年表现活跃（支持 FSDP2、vLLM、SGlang 等），但当前阶段缺乏持续更新，社区需关注其后续动态或官方公告以判断项目是否处于阶段性休整期。
alibaba/MNN,inference,Assess,0.7595802273701622,阿里巴巴推出的轻量级、高性能深度学习推理引擎。,
alibaba/ROLL,RL,Trial,0.5978208070967972,阿里巴巴推出的强化学习框架（ROLL）。,在 2026 年 1 月，alibaba/ROLL 项目虽未发布新版本，但社区活跃度显著，开发重点集中于训练框架的工程优化与国产模型适配。多个关键 PR（如 #318、#320、#333）体现了团队在 DeepSpeed、vLLM 和昇腾 NPU 平台上的深度集成，显著增强了其在异构硬件上的训练灵活性与稳定性。同时，用户对 Megatron 后端（Issue #330）和资源调度策略（Issue #326）的讨论，反映出项目正从“功能扩展”向“生产级稳定性”演进。尽管缺乏官方博客或会议曝光，但频繁的代码提交与高质量的 Issue 交互表明，ROLL 已成为大模型强化学习领域内备受开发者信赖的底层框架。未来若能发布 v0.2.0 版本整合本月多项改进，将极大推动其在工业级 RLHF 场景中的落地。
alibaba/RecIS,Pretraining,Assess,0.22108281144878017,专为超大规模稀疏模型设计的统一架构深度学习框架（推荐智能系统）。,"在 2026 年 1 月，阿里巴巴官方虽未发布任何关于名为 ""RecISGitHub"" 的仓库，但其真实相关项目 RedFuser 在该月实现了关键性技术突破：通过直接代码提交，新增了对 Flash-Attention 的支持示例，显著优化了推荐系统中的注意力计算效率，降低了显存消耗。这一更新虽未通过 GitHub 的 PR 或 Release 机制公开，但其存在已被官方仓库描述证实，并与阿里巴巴达摩院同期发布的 Qwen3-TTS 语音合成模型形成技术协同，共同反映出阿里在 AI 推理加速与大模型落地层面的系统性布局。尽管该月无正式发布、会议或社区公告，但 RedFuser 被 ASPLOS 2026 接收的背景，预示其技术路径将向学术与工业界深度融合的方向发展。整体来看，该月社区活动虽低调，但技术进展扎实，代表了阿里巴巴在推荐系统底层引擎优化上的持续投入，值得关注。"
alibaba/rtp-llm,inference,Assess,0.5656484295320124,阿里巴巴 RTP 团队推出的大型语言模型推理加速库。,
apache/tvm,Kernels,Assess,1.6804089321148639,一个开源的端到端深度学习编译器栈，用于将 AI 模型高效部署到各种硬件后端，包括 CPU、GPU 和专用加速器。,在 2026-01 期间，Apache TVM 社区展现出稳健的技术迭代节奏，虽未发布新版本，但核心开发活动集中于功能增强与稳定性优化。多个关键 Pull Request 在此月被合并，包括对 ONNX 前端 LRN 算子的支持、NMS 动态输出裁剪的实现，以及对 NVSHMEM 等高性能计算组件的集成，显著提升了 TVM 在主流深度学习模型部署场景中的兼容性与性能表现。同时，团队积极修复了 TIR 层的段错误和内存规划缺陷，强化了底层编译引擎的鲁棒性。Web 和 FFI 层的多处修复表明 TVM 正在深化其在浏览器和轻量级嵌入式部署中的能力。社区对 i386/Hexagon 架构的 CI 移除计划，反映出对资源高效利用和聚焦主流硬件生态的战略调整。尽管无官方博客或会议发布，但活跃的代码贡献和清晰的版本升级路径（v0.23.0 待发布）表明，TVM 仍处于高速演进阶段，持续增强其作为开源深度学习编译栈的行业地位。
apache/tvm-ffi,Kernels,Assess,0.7473459096437666,Apache TVM 的外部函数接口（FFI）组件，定义了跨语言与跨框架的交互标准，支持 Python 与底层编译运行时的无缝对接。,2026 年 1 月，Apache TVM FFI 社区保持高度活跃，围绕 v0.1.8 版本完成了一次密集的迭代发布周期。核心进展体现在对底层稳定性的强化上，包括修复关键的元数据解析崩溃（Issue #208）、回滚破坏性变更（PR #406）以及增强对低版本 PyTorch 的兼容性（PR #414）。同时，开发者体验显著提升，新增了 `kw_only` 参数支持（PR #384）与自动生成 `__repr__` 方法（PR #411），使 Python 端的 FFI 接口更符合现代 Python 编程规范。社区在版本发布策略上体现出“快速响应 + 小步快跑”的特点，通过多个 post 版本快速修复生产问题。尽管该月未有官方博客或会议发布，但 NVIDIA CUTLASS 的集成支持表明其作为跨框架 FFI 标准的影响力正持续扩大。整体来看，TVM FFI 在 2026-01 成功完成了从“功能可用”向“生产健壮”的关键转型，为深度学习编译器生态系统提供了更可靠的底层接口基础。
axolotl-ai-cloud/axolotl,finetune,Trial,0.752158486614974,用于简化大型语言模型微调的工具，支持多种模型和配置。,
bitsandbytes-foundation/bitsandbytes,Pretraining,Trial,0.6960977285077358,CUDA 自定义函数的封装器，特别实现了 PyTorch 的 k-bit 量化（如 8-bit 和 4-bit），使大型语言模型更易于访问。,在 2026 年 1 月，bitsandbytes 项目虽未发布重大功能更新，但展现出强劲的工程维护与稳定性优先的社区节奏。核心进展集中于关键 Bug 修复，特别是针对 FSDP、XPU 和 LoRA 微调场景的稳定性改进，解决了用户在实际训练中遇到的多个高优先级问题。版本 0.49.1 的发布标志着项目对生产环境可靠性的重视。同时，持续集成系统自动构建多平台预发布版本，体现了自动化运维的成熟度。外部技术社区（如 TechRxiv）也持续认可 bitsandbytes 在模型量化领域的基础性作用。尽管缺乏新特性公告或官方路线图，但对 ROCm 7.2 和 DGX Spark 等新兴硬件的构建支持，预示着未来对异构 AI 硬件生态的深度整合趋势。整体而言，该月项目以“稳中求进”为主基调，通过高质量修复巩固了其在开源量化生态中的核心地位。
containers/ramalama,inference,Trial,0.7721623473565222,使用容器技术轻松运行 AI 模型的工具。,
coze-dev/coze-loop,AIAgent,Assess,0.8089947150463775,Coze 平台的循环任务处理组件。,
coze-dev/coze-studio,AIAgent,Assess,2.9572748267898374,Coze 智能体开发平台的集成开发环境。,
facebookexperimental/triton,Kernels,Assess,0.857909198339736,Facebook (Meta) 维护的 Triton 编译器实验性分支，用于探索和验证如 TLX 语言扩展与底层 IR 优化等前沿特性。,在 2026 年 1 月，facebookexperimental/triton 仓库虽未发布新版本，但社区活跃度显著，核心开发团队集中于 TLX 语言扩展与底层 IR 优化的攻坚。多个关键 PR 被合并，涵盖内存规划统一（PR #807）、FP8 类型处理增强（PR #806）、异步操作重构（PR #809）、布局传播修复（PR #805）及调试工具改进（PR #811）等方向，体现出项目正从“原型验证”向“生产级编译器架构”演进。尤其值得注意的是，针对 AMD 架构的 FP8 编译缺陷修复（PR #793）和 constexpr 支持完善（PR #804、#812），表明团队正积极提升多硬件平台兼容性与开发者体验。尽管无官方博客或会议曝光，但社区外部已有技术讨论（如 @matt_dz 的线性布局概念）暗示其设计思想正在被更广泛传播。整体来看，该月 Triton 在技术深度与工程稳定性上取得实质性进展，为未来集成到 PyTorch 生态系统奠定了坚实基础。
facebookresearch/CUTracer,Kernels,Assess,0.16221114306325982,Facebook Research 开发的 CUDA 内核动态分析工具，支持流式分析与数据竞争检测，用于深入调试 GPU 并发性能问题。,在 2026 年 1 月，facebookresearch/CUTracer 项目在功能演进上取得显著进展，尽管未发布任何新版本，但通过多个高质量 PR 合并，大幅增强了其作为 CUDA 内核动态分析工具的能力。核心改进集中在 CLI 分析系统的模块化重构，新增了流式分组、输出格式控制、数据采样与过滤等实用功能，极大提升了用户对大规模 GPU 跟踪数据的处理效率。同时，项目积极适配最新硬件生态，新增对 CUDA 13.1 和 cuDNN 9.15.1.9 的支持，并引入了用于数据竞争检测的随机延迟注入机制，为调试复杂 GPU 并发问题提供了新手段。此外，Issue #104 显示团队正关注 NVIDIA GB200 等新架构的兼容性，体现其对前沿硬件的前瞻性支持。整体来看，该月社区活动活跃，主要由 Facebook 内部团队驱动，属于稳健的工程迭代，未出现安全事件或重大争议。虽然缺乏外部宣传或会议曝光，但其内部开发节奏清晰、目标明确，为后续正式发布奠定了坚实基础。
facebookresearch/faiss,Pretraining,Assess,1.1277496558491495,用于稠密向量高效相似性搜索和聚类的库，能够处理无法放入内存的向量集。,在 2026 年 1 月，facebookresearch/faiss 仓库展现出持续活跃的开发态势，虽未发布新版本，但社区在功能增强、测试完善和性能优化方面取得显著进展。多个关键 Pull Request 被合并，包括为 RaBitQ 索引添加标准搜索接口支持、大幅扩充 ScalarQuantizer 的正确性测试集、以及新增面向用户的检索性能基准测试脚本，这些举措显著提升了库的稳定性与可评估性。同时，开发者持续修复底层问题，如解决 macOS/Linux 构建中的符号泄漏和优化索引训练效率。社区互动方面，针对 HNSW-IP 性能异常和 GPU 支持的提问表明用户对高性能向量搜索的实际部署需求日益增长，团队对问题响应积极。整体而言，faiss 在 2026-01 月保持了高质量的工程迭代节奏，聚焦于核心算法的健壮性、可测试性和易用性，为后续在生产环境和向量数据库中的广泛应用奠定了更坚实的基础。
flagos-ai/FlagGems,Kernels,Assess,0.8829830020322809,FlagOS 生态下的 AI 算子库，提供了一系列针对多硬件平台优化的高性能算子，旨在增强大模型在异构算力上的表现。,在 2026 年 1 月，FlagGems 项目展现出强劲的工程迭代节奏，核心围绕 v4.2.0 和 v4.2.1.rc.0 两个版本的发布展开。项目团队持续聚焦算子性能优化与多硬件平台兼容性提升，新增 FLA（DeltaNet）与 SUNRISE 后端支持，显著拓宽了其在新型大模型架构和国产 AI 芯片上的适用范围。关键 Bug 修复覆盖了从底层内核（如 baddbmm、grouped_topk）到上层 API（如 only_enable）的多个层面，体现出团队对稳定性和用户体验的高度重视。社区活跃度良好，多个来自不同团队（PerfXLab、Advanced Compiler、KMPL、KunlunXin）的贡献者积极参与，推动了分布式优化与多厂商适配的协同演进。尽管本月未见外部公开技术分享或行业会议曝光，但项目内部的高频迭代与高质量 PR 合并表明其正稳步构建一个稳定、高效、开放的 AI 算子生态，为 FlagOS 整体技术栈提供坚实支撑。
flagos-ai/FlagGems,Pretraining,Assess,0.0039738183323416035,FlagOS 生态下的 AI 算子库，提供了一系列针对多硬件平台优化的高性能算子，旨在增强大模型在异构算力上的表现。,在 2026 年 1 月，FlagGems 项目展现出强劲的工程迭代节奏，核心围绕 v4.2.0 和 v4.2.1.rc.0 两个版本的发布展开。项目团队持续聚焦算子性能优化与多硬件平台兼容性提升，新增 FLA（DeltaNet）与 SUNRISE 后端支持，显著拓宽了其在新型大模型架构和国产 AI 芯片上的适用范围。关键 Bug 修复覆盖了从底层内核（如 baddbmm、grouped_topk）到上层 API（如 only_enable）的多个层面，体现出团队对稳定性和用户体验的高度重视。社区活跃度良好，多个来自不同团队（PerfXLab、Advanced Compiler、KMPL、KunlunXin）的贡献者积极参与，推动了分布式优化与多厂商适配的协同演进。尽管本月未见外部公开技术分享或行业会议曝光，但项目内部的高频迭代与高质量 PR 合并表明其正稳步构建一个稳定、高效、开放的 AI 算子生态，为 FlagOS 整体技术栈提供坚实支撑。
ggml-org/llama.cpp,inference,Adopt,1.9351078810695566,用于在 CPU 和 GPU 上进行高效 LLM 推理的 C++ 移植版本。,
hiyouga/EasyR1,RL,Assess,0.7298450326989628,基于 R1 算法的易用练手/实现库。,在 2026 年 1 月，EasyR1 社区呈现出活跃但聚焦于稳定性与性能优化的开发态势。尽管未发布新版本，但核心贡献者（如 hiyouga、rank-Yu）在本月密集提交了多个关键修复 PR，重点解决 GSPo、GRPO 等强化学习算法中的数值传播和计算错误，显著提升了多模态训练的鲁棒性。与此同时，社区用户积极反馈数据加载和图像处理方面的实际问题（如 Issue #638、#639），反映出该框架在真实场景中的应用广度正在扩大。外部生态方面，尽管无新博客或会议提及，但 EasyR1 仍持续被收录于多个 AI 开源项目清单中，说明其在多模态 RL 领域的影响力稳步增长。整体来看，该项目正处于从功能扩展转向工程成熟的关键阶段，后续应关注核心团队是否会在 2026-02 推出 v0.3.3 版本，以整合本月的修复成果。
hiyouga/LLaMA-Factory,finetune,Adopt,0.9465384725935768,开源的大型语言模型微调框架，提供统一的训练接口。,
huggingface/accelerate,Pretraining,Trial,1.0261319445740127,用于简化 PyTorch 训练脚本在任何设备或分布式配置（多 GPU、TPU、fp16/bf16/fp8）上运行的库，无需复杂的样板代码。,在 2026 年 1 月，huggingface/accelerate 仓库未发布新版本，整体处于稳定维护阶段。社区活动主要集中在修复细节问题和提升设备兼容性，如修复了非 CPU 训练时的 KMP_AFFINITY 设置错误、示例脚本中的变量拼写错误，并增强了对 XPU 的设备无感支持。此外，PR #3914 优化了 DeepSpeed 与序列并行的集成逻辑，避免不必要的 DeviceMesh 创建。Issue 讨论聚焦于 API 兼容性问题，如 transformers 移除 save_function 参数的影响。外部动态显示 Hugging Face 生态与 NVIDIA 在机器人领域（LeRobot）的协同加强，虽未直接影响 accelerate 代码库，但反映了其在分布式训练和硬件加速领域的持续影响力。整体来看，该月以稳定性优化和技术债务清理为主，为后续功能迭代奠定基础。
huggingface/open-r1,RL,Assess,1.2991336027974363,Hugging Face 推出的 R1 算法开源实现。,2026年1月，huggingface/open-r1项目在社区活跃度上呈现温和但关键的进展。GitHub内部仅有一条新PR（#716）提交，为一项关于prompt重采样的实验性改动，尚无发布或重大修复。然而，外部动态成为本月核心亮点：Hugging Face于1月20日发布官方博客，将Open-R1定位为推动AI透明化与开源推理模型生态发展的关键力量，标志着项目已超越单纯技术复现，进入影响力扩展阶段。同时，技术博客byteiota.com披露了Open-R1的2026年路线图，明确Q1-Q2将验证纯强化学习管道，Q2-Q3将实现完整多阶段训练系统，为未来技术演进提供了清晰蓝图。综合来看，尽管仓库本身的代码活动在该月处于低峰，但其在开源AI社区的战略意义显著提升，从“技术复制”转向“生态引领”，预示着2026年将成为Open-R1从开源项目升级为行业基准的关键一年。
huggingface/peft,finetune,Adopt,1.0031781642655564,参数高效微调（PEFT）库，用于高效地使预训练语言模型适应下游任务。,
huggingface/text-generation-inference,inference,Trial,0.6462247851439473,用于文本生成模型的高效推理服务器（TGI）。,
huggingface/transformers,finetune,Adopt,4,最先进的机器学习库，提供用于 PyTorch、TensorFlow 和 JAX 的预训练模型。,
huggingface/trl,RL,Adopt,2.7879761220160617,Transformer 强化学习（TRL）库，用于通过 RL 训练 Transformer 语言模型。,在 2026 年 1 月，huggingface/trl 社区呈现出以稳定性和兼容性为核心的维护节奏。两个关键版本 v0.27.0 与 v0.27.1 的发布标志着项目在 vLLM 集成和训练配置层面的持续深化，尤其是 `vllm_group_port` 的引入增强了分布式推理的灵活性。虽然未引入颠覆性新特性，但多个 PR（如 #4908、#4912、#4916）集中解决了 DPO 预处理、PEFT 模型同步及 CI 测试稳定性等关键问题，体现了团队对生产环境可靠性的高度重视。所有问题均被快速响应并修复，反映出活跃且高效的维护机制。外部动态方面，尽管 AI 行业普遍讨论 2026 年“AI 作为同事”的趋势，但 Hugging Face 未发布关于 TRL 未来路线图的官方规划，表明当前阶段重心在于打磨现有功能而非大幅扩展。整体而言，该月 TRL 以“小步快跑、精耕细作”的方式巩固了其作为主流强化学习训练库的稳定地位，为后续支持更复杂代理训练（如工具使用、多模态）奠定了坚实基础。
inclusionAI/AReaL,RL,Trial,1.0412461734907672,InclusionAI 推出的区域感知强化学习库。,在2026年1月，inclusionAI/AReaL 项目在技术演进上表现活跃，核心进展集中于大模型训练的内存优化与工程稳定性提升。本月发布了预发布版本 v0.5.2，主要更新了推理后端依赖，为生产环境部署提供更稳定的运行时环境。与此同时，社区贡献者（特别是 rchardx 和 garrett4wade）密集提交了多项关键优化，包括通过 DCP 与 meta device 实现的内存高效模型加载、自动线程控制、以及 MoE 模型的分布式 checkpoint 支持，显著提升了在多卡分布式训练中的资源利用率与可扩展性。在 Bug 修复方面，解决了生成循环提前退出、wandb 日志异常等影响训练稳定性的核心问题。虽然本月无官方博客或会议发布，但活跃的 PR 与 Issue 讨论表明项目正处于快速迭代期，技术主线明确聚焦于“轻量级、高效率的 LLM 强化学习框架”这一目标，为即将推出的 v0.6.0 稳定版奠定了坚实基础。社区参与度高，工程质量持续提升，是当前 LLM Agent 训练领域值得关注的开源项目。
inclusionAI/dInfer,inference,Assess,0.2901570609489945,InclusionAI 推出的分布式推理框架。,
jax-ml/jax,Pretraining,Assess,1.2242414799671797,用于 Python+NumPy 程序可组合转换的库，支持自动微分、向量化以及针对 GPU 和 TPU 的 JIT 编译。,在 2026-01 月，JAX 社区以 v0.9.0 版本发布为核心，完成了多项关键演进。新特性 `jax.thread_guard` 显著增强了多控制器分布式训练的线程安全性，填补了此前长期存在的监控盲区。同时，多项 PR 针对 `pmap` 性能进行深度优化，为全面转向 `shard_map` 架构奠定工程基础。值得注意的是，一个高危 XLA 编译器漏洞（Issue #34672）被发现并修复，反映出社区对底层编译器正确性的高度重视。此外，`jax_pmap_shmap_merge` 配置的弃用明确传递了官方战略方向：未来所有分布式计算将统一基于 `shard_map`，`pmap` 将逐步退居维护模式。尽管没有公开会议或行业新闻，但 Simon Willison 等技术博主在 1 月下旬仍引用 JAX 作为 TPU 调试案例，表明其在学术与工程底层研究中依然保持着不可替代的影响力。整体来看，JAX 在 2026-01 月展现出从“功能扩展”向“架构收敛”和“安全加固”并重的成熟趋势，其作为高性能计算基础设施的地位进一步巩固。
jd-opensource/xllm,inference,Assess,0.48305257156830095,京东开源的大型语言模型优化库。,
kserve/kserve,inference,Assess,0.7309495267830564,Kubernetes 上的标准模型推理与服务网格。,
kvcache-ai/Mooncake,inference,Assess,0.7467255078750654,以 KVCache 为核心的分离式架构推理引擎。,
kvcache-ai/ktransformers,inference,Trial,0.7355327868303151,用于优化 Transformer 模型 KV 缓存处理的库。,
linkedin/Liger-Kernel,Kernels,Assess,0.9525271610737589,LinkedIn 开源的高效 Triton 内核库，专为大模型（LLM）训练优化，支持 Hugging Face Transformers，致力于提升模型训练吞吐量。,在 2026 年 1 月，linkedin/Liger-Kernel 仓库虽未发布新版本，但社区开发活动极为活跃，技术演进方向清晰。核心工作聚焦于两大战略层面：一是应对 Hugging Face Transformers v5 的发布，系统性地解决新版本带来的兼容性问题，如 MoE 结构和 RoPE 参数的变更。二是大力拓展硬件支持版图，特别是通过 RFC 和性能优化议题，积极推动与华为 Ascend NPU 的深度集成，展现了项目向多硬件后端扩展的雄心。这表明 Liger-Kernel 已从一个专注于 GPU 性能优化的内核库，逐步发展为一个致力于支持多样化 AI 硬件和前沿模型架构的开放生态项目。其发展重心正从单纯的速度提升，转向生态兼容性、可移植性和多硬件适配，以巩固其在高效大模型训练领域的基础设施地位。
llm-d/llm-d,inference,Assess,0.6299858075411987,LLM 分布式推理或服务库。,
meta-pytorch/OpenEnv,RL,Assess,0.6322884481297356,Meta 推出的开放式强化学习环境接口。,在 2026-01 期间，meta-pytorch/OpenEnv 社区展现出强劲的开发活力与清晰的技术演进路径。尽管未发布正式版本，但多项核心功能通过 Pull Request 快速推进，尤其在延迟奖励机制（PR #337/#338）、MCP 接口标准化（PR #334）和环境扩展（PR #326/#335）方面取得实质性突破，标志着 OpenEnv 从一个基础环境接口平台，正加速转型为支持复杂智能体训练的标准化框架。社区讨论也日趋深入，Issue #107 的闭环和 Issue #336 的提出，反映出开发者对“论文复现”与“奖励设计哲学”的系统性关注。外部动态方面，PyTorch 官方在 1 月通讯中确认了 PyTorch Conference Europe 2026 的提案征集，为 OpenEnv 提供了重要的展示平台；同时，UC Berkeley RDI 的 OpenEnv Challenge 工作坊进一步推动了生态共建。综上，2026-01 是 OpenEnv 技术架构升级与社区影响力扩张的关键月份，其发展轨迹正紧密契合当前 AI 智能体研究的前沿需求，未来有望成为开源智能体生态的核心基础设施之一。
meta-pytorch/monarch,Pretraining,Assess,0.6840720925415829,被描述为“PyTorch 单控制器”的框架，用于编排分布式 PyTorch 应用程序。,2026年1月，meta-pytorch/monarch项目在社区影响力和技术成熟度上实现关键跃迁。尽管该月未发布新版本，但GitHub活跃度高，多个PR被合并，涵盖Rust API设计、Actor本地存储、Kubernetes集成与日志追踪修复等核心工程改进，表明团队正系统性提升其生产级可靠性。更重要的是，PyTorch官方在《January 2026 Newsletter》中正式将Monarch列为年度战略支柱，标志着其从技术原型向企业级分布式框架的转型。外部社区对“单机开发体验扩展至集群”的理念反响热烈，Lightning AI等合作伙伴的案例进一步扩大了影响力。综合来看，monarch在2026年1月完成了从“技术展示”到“战略产品”的身份升级，其未来趋势清晰：以统一接口简化大规模AI训练，成为PyTorch生态中连接单机与分布式计算的核心桥梁。
meta-pytorch/torchcomms,Pretraining,Assess,0.4915756150176204,现代化的 PyTorch 通信 API 和库，旨在促进分布式训练中高效的集体通信。,在 2026 年 1 月，meta-pytorch/torchcomms 项目持续活跃，虽无正式版本发布，但开发重心明确聚焦于构建现代化、高性能的 PyTorch 通信基础设施。核心进展体现在对 NCCLX 和 CTran 后端的深度整合，包括引入 NCCL GIN 设备侧通信、重构注册缓存机制、优化构建脚本等，显著提升了框架的灵活性与兼容性。新功能方面，flat-tree 广播算法和 GPU 直接发起网络通信（GIN）的实现，为超大规模分布式训练提供了更高效的通信原语。同时，项目通过修复关键 bug 和改进测试框架，增强了代码的健壮性。尽管社区公开的 Issues 为空，但 PR 活跃度高，主要由 Meta 内部工程师推动，显示出该项目正处于紧密的内部开发与优化阶段。外部动态显示，其相关技术已应用于超 10 万 GPU 规模的集体通信研究，预示其在支持未来巨型模型训练中将扮演关键角色。
meta-pytorch/torchforge,RL,Assess,0.5394025236866955,用于大规模实验和并行的 PyTorch 扩展库。,在 2026 年 1 月，meta-pytorch/torchforge 项目迎来了关键的生态里程碑。尽管仓库未发布正式版本标签，但通过 PyTorch 官方博客、1 月通讯及 Meta 社交媒体平台的集中推广，torchforge 被正式定位为 PyTorch 原生的强化学习代理框架，用于支持大模型后训练与可扩展 RL 训练。其核心价值在于将 RL 算法开发与底层基础设施解耦，显著提升研究效率与可复现性。项目与 Weaver 的集成，标志着其已具备生产级大规模训练能力。社区反响积极，多家技术媒体跟进报道，预示其将成为 PyTorch AI 代理生态的核心组件。虽然 GitHub 仓库的 PR/Issue 信息因 API 限制未能获取，但外部动态充分表明该仓库在本月已从“开发中”进入“广泛采用”阶段，是 2026 年初 PyTorch 生态最重要的开源进展之一。
meta-pytorch/torchstore,Pretraining,Assess,0.3068679769187384,PyTorch 张量存储解决方案，提供分布式张量支持和高效的数据处理。,在 2026 年 1 月，meta-pytorch/torchstore 项目在技术和社区层面均保持了高度活跃。技术上，项目持续推进架构优化与新特性开发，核心进展包括 Pipe 抽象的重构、对 GPU Direct RDMA 和 Gloo 的支持，以及向现代 Python 类型系统的全面迁移。多项 PR 的合并显著提升了代码质量、性能和对异构环境的兼容性。社区方面，虽然未在本月发布新版本，但其核心价值得到凸显——在 PyTorch 官方博客中被确认为 torchforge 可扩展强化学习架构的关键组件，这标志着 TorchStore 的重要性已从实验性工具上升为官方认可的基础设施。然而，社区也提出了关于 API 行为歧义和多环境兼容性的问题，表明在用户易用性和健壮性方面仍有改进空间。总体而言，该项目正稳步发展，致力于构建一个高性能、灵活且普适的分布式 PyTorch 张量存储系统。
meta-pytorch/tritonbench,Kernels,Assess,0.6213611165088015,Meta 开发的 PyTorch 与 Triton 性能基准测试工具，用于评估和对比不同硬件与编译器配置下的模型运行效率。,在2026年1月，meta-pytorch/tritonbench 仓库展现出高度活跃的开发节奏，虽未发布正式版本，但通过 `dev20260124` 开发标签持续交付改进。本月共合并10项以上 Pull Request，核心集中在性能评估准确性提升（如GPU计时优化）、设备兼容性增强（AMD、MTIA支持）、构建系统效率改进（BUCK重构）及环境变量安全性修复。这些变更表明项目正朝着更稳定、更广泛硬件支持的方向演进，尤其在非NVIDIA平台上投入显著。外部方面，PyTorch 2.10 的发布强化了 TritonBench 在官方性能生态中的地位，进一步巩固其作为 PyTorch 性能基准测试核心工具的角色。虽然未出现公开讨论或安全事件，但密集的代码提交和内部版本发布反映出项目在Meta内部的高优先级，预计将在2026年第二季度随着PyTorch Conference的临近迎来更多公开进展。
meta-pytorch/tritonparse,Kernels,Assess,0.38802953621969966,Meta 推出的 Triton 内核自动化诊断与分析工具，提供性能追踪、调试与可视化功能，帮助开发者优化 Triton 代码。,在 2026 年 1 月，TritonParse 项目迎来里程碑式突破，以 v0.4.0 版本为核心，全面构建了针对 Triton 内核的自动化诊断与分析体系。该月的开发活动高度集中于“Autotune 分析”功能的完整落地，从后端事件生成（PR #315）、会话追踪（PR #314）、前端展示（PR #317）到测试覆盖（PR #318）和示例数据更新（PR #321），形成闭环。同时，新增的 `bisect` 命令和 uv 包管理支持大幅提升开发者在回归测试与构建环节的效率。项目虽无公开会议或新闻，但其功能演进与 PyTorch 官方发布的《Warp Specialization in Triton》技术路线高度协同，表明其已成为 Triton 生态底层调试工具链的关键一环。整体来看，TritonParse 在本月实现了从“可视化工具”向“智能分析平台”的跃迁，社区活跃度极高，开发节奏紧凑，技术方向清晰，展现出强大的工程执行力和前瞻性，有望成为未来 Triton 开发者不可或缺的调试核心工具。
michaelfeil/infinity,inference,Assess,0.4594286856485382,用于嵌入模型和 LLM 的高吞吐量推理服务器。,
microsoft/DeepSpeed,Pretraining,Adopt,0.875777051177572,深度学习优化库，旨在让分布式训练和推理变得简单、高效且有效。,在 2026 年 1 月，DeepSpeed 社区聚焦于提升 ZeRO-3 的稳定性与兼容性，通过发布 v0.18.4 版本，系统性修复了多个在高并发、混合精度和 PyTorch 2.7+ 环境下引发的致命崩溃问题，尤其是针对 `GatheredParameters` 的原地修改和 CPU 张量广播缺陷，显著提高了大规模模型训练的可靠性。同期，多个关键 PR（#7813、#7817、#7822）紧密围绕 Bug 修复展开，形成快速响应闭环，体现了核心团队对生产环境稳定性的高度重视。外部方面，OrateAI 在 1 月中旬发布技术分析文章，认可 DeepSpeed 在优化大规模模型训练架构中的领先地位。整体来看，本月无新功能发布，但技术沉淀和工程健壮性提升明显，标志着 DeepSpeed 正从“功能扩展”阶段迈向“生产级稳定”阶段，为后续万亿级模型训练奠定坚实基础。
microsoft/agent-lightning,RL,Trial,0.9629156071982546,用于构建和训练 AI 代理的轻量级框架。,2026 年 1 月，microsoft/agent-lightning 项目在社区活跃度与技术影响力上均取得显著进展。尽管未发布新版本，但核心团队通过多个高质量 PR 推动了功能增强与工程优化，如 LRU 缓存、工具调用过滤、错误提示改进等，持续提升系统稳定性与开发者体验。同时，Microsoft Research 在 1 月 20 日发布的官方博客标志着该项目从开源工具向企业级 AI 代理训练平台的重要跃迁，明确提出“无需重写代码的强化学习”这一突破性理念，引发业界广泛关注。外部生态方面，Richtech 的合作公告表明该技术已开始进入真实商业场景，尤其是零售机器人领域，显示出强大的落地潜力。社区问题集中于 VERL 配置与多模型协同使用，反映出开发者正积极尝试复杂场景，也提示未来需加强文档与示例支持。整体而言，该仓库在 2026-01 实现了从“技术研发”向“生态扩展”的关键转型，成为推动 AI 代理可训练化的重要基础设施。
microsoft/onnxruntime,inference,Adopt,2.110691195416306,用于将机器学习模型部署到生产环境的高性能跨平台推理引擎。,
microsoft/triton-shared,Kernels,Assess,0.43498088568072285,微软开发的 Triton 编译器共享中间组件，旨在为不同编译器后端提供通用的中间表示层（目前处于维护调整阶段）。,在2026年1月，microsoft/triton-shared 仓库的技术活动几乎完全停滞，未有新版本发布或重要代码合并。社区的核心动态集中于对项目命运的担忧。一个长期存在的夜间构建失败问题（#353）仍在被讨论，而核心贡献者发起的“未来何去何从”（#368）讨论，以及README中明确的维护状态通知，共同揭示了项目已被微软官方停止维护的严峻现实。尽管底层的 Triton 编译器（triton-lang/triton）仍在积极发展，但 triton-shared 作为其共享中间层的角色已被放弃。本月没有任何外部公告、博客或会议提及该项目，进一步证实其已退出活跃开发。综合来看，triton-shared 在2026年初已沦为一个停滞的“幽灵项目”，社区的核心关注点已从技术演进转向如何应对项目终止后的挑战。
mlc-ai/mlc-llm,inference,Assess,0.7132267091287907,用于将 LLM 部署到任何设备（包括移动设备和浏览器）的通用解决方案。,
modelscope/DiffSynth-Studio,inference,Assess,0.6192796312867828,ModelScope 社区推出的扩散模型合成与编辑工作室。,
modelscope/data-juicer,Pretraining,Assess,0.4483808816143152,面向基础模型时代的一站式数据处理系统（“数据操作系统”），旨在提炼和处理大规模数据集。,2026年1月，Data-Juicer 项目迎来了关键的生态升级与技术深化。继 2025 年底获得 NeurIPS Spotlight 认可后，项目在 2026 年初以 v1.4.5 版本为核心，显著扩展了对具身智能与多模态数据的支持，新增多个面向机器人与视觉-语言任务的操作算子，进一步巩固其在 LLM 数据预处理领域的领先地位。同时，团队对系统稳定性与性能进行深度优化，修复了多个影响多进程与 Ray 集群运行的关键缺陷，体现了工程严谨性。令人瞩目的是，项目在社区服务上实现质的飞跃——正式上线 AI 驱动的 Q&A Copilot，并接入钉钉与 Discord 社区，标志着其从开放源码工具向“智能辅助平台”转型。此外，与 ModelScope 的集成被行业媒体重点报道，凸显其在国产 AI 生态中的关键枢纽地位。整体来看，Data-Juicer 在 2026 年 1 月完成了“功能扩展+系统稳定+社区智能化”三位一体的升级，展现出强大的技术活力与清晰的生态战略，已成为 LLM 数据工程领域最具影响力的开源项目之一。
modelscope/modelscope,finetune,Trial,0.6745464897152309,阿里巴巴达摩院推出的模型即服务（MaaS）平台，汇集了众多预训练模型。,
modelscope/ms-swift,finetune,Trial,1.1361729772749025,ModelScope 的轻量级微调框架，支持 LLM 和多模态模型。,
modular/modular,inference,Assess,1.044424140954281,Modular AI 推出的 AI 引擎和工具栈。,
modularml/mojo,Kernels,Assess,1.8553524567912407,一种面向 AI 开发者的相关高性能编程语言，结合了 Python 的易用性与 C++ 的性能，旨在统一 AI 与系统编程。,在 2026 年 1 月，Mojo 语言虽无公开的 GitHub 活动（因主仓库未开源），但社区与生态进展显著。Modular 公司于 2025 年底正式公布 Mojo 1.0 路线图，目标在 2026 年夏末发布稳定版本，标志着该语言从实验性项目向生产级语言的关键转型。1 月，Oreate AI 发布的全面入门指南进一步推动了开发者社区的关注，表明 Mojo 正逐步被主流 AI 工程师接纳为 Python 的高性能替代方案。同时，官方确认弃用 REPL 支持，集中资源优化 GPU 和异构硬件编译能力。尽管核心编译器仍为闭源，但标准库开源与路线图透明化增强了社区信任。整体来看，2026-01 是 Mojo 从“技术演示”走向“行业共识”的关键月份，其影响力主要体现在生态认知与长期规划，而非代码提交。未来趋势指向 Mojo 成为 AI 与系统编程统一语言，可能在 2027 年后逐步取代部分 C++ 与 Python 在高性能计算中的角色。
ollama/ollama,inference,Adopt,2.313473165895899,在主要操作系统上本地运行大型语言模型的轻量级工具。,
openvinotoolkit/openvino,inference,Assess,1.1555778653678201,英特尔推出的用于优化和部署深度学习模型的开源工具包。,
openxla/xla,Kernels,Assess,1.600040237812364,一个用于机器学习的领域特定编译器，通过线性代数优化来加速 TensorFlow、PyTorch 等框架在各类硬件上的模型运行。,在 2026 年 1 月，openxla/xla 仓库虽未发布新版本，但社区活动保持稳定且聚焦于工程稳健性与硬件兼容性。核心进展体现在对 AMD ROCm 的 CI 支持（PR #36893）和多个关键修复上，尤其在 XLA:GPU/Triton 后端中解决了可能导致 CUDA 崩溃的越界访问问题（PR #36883），显著提升了生产环境的稳定性。同时，HLO 解析器中的拼写错误修复（PR #36803）和集合通信调试优化（PR #36846）体现了对代码质量和开发者体验的持续关注。尽管当月未出现新功能重大的发布或公开会议，但通过社区周报（1月16日）可见开发节奏持续，且开源生态协同趋势明显 —— 特别是与 PyTorch/XLA 向 OpenXLA 迁移的长期战略紧密联动。整体而言，该月 OpenXLA 的发展重心从“功能扩展”转向“生态加固”，通过完善基础设施（如 CI）、提升调试能力与修复底层缺陷，夯实了其作为统一 ML 编译器平台的可靠性基础，为 2026 年更大规模的框架整合做好了准备。
pytorch/ao,Pretraining,Trial,0.8036862939962965,用于 PyTorch 原生量化和稀疏化（“架构优化”）的库，旨在优化模型的训练和推理。,2026-01 月份，PyTorch AO 社区虽未发布新版本，但开发活跃度显著，集中于架构优化与稳定性提升。核心进展体现在对 MXFP8 MoE 训练的持续增强（PR #3737、#3728），以及对异构硬件（XPU/NPU）量化支持的扩展（PR #3465）。同时，团队果断移除过时代码（PR #3720、#3723），显著精简维护负担，并修复了影响分布式训练的 CUDA 初始化问题（PR #3676），极大提升了框架的生产环境兼容性。虽无外部会议或新闻发布，但官方文档在 1 月中下旬完成更新，强化了 float8 与 MoE 教程内容，表明项目正积极引导开发者采用前沿量化技术。整体来看，该月是“幕后优化月”：聚焦底层性能、依赖清理与稳定性，为后续大规模模型训练的部署打下坚实基础，展现出成熟开源项目的工程严谨性。
pytorch/executorch,inference,Assess,1.1566181451888546,PyTorch 的端到端解决方案，用于在移动和嵌入式设备上进行推理。,
pytorch/helion,Kernels,Assess,0.8733745074096821,专为 PyTorch 设计的高性能内核开发库，提供自动调优和跨平台支持（包括 XPU），旨在从底层优化 AI 模型的计算效率。,2026 年 1 月，PyTorch Helion 仓库在功能与稳定性方面取得显著进展。核心贡献者持续推动高性能内核开发，发布了 v0.2.10 版本，重点优化文档与用户体验，同时通过多个 PR 引入 epilogue subtiling 与 LFBO 搜索多样性增强等关键特性，显著提升自动调优能力。多个 XPU 和 softmax 相关的 Bug 修复增强了跨平台兼容性。社区活跃度体现在两个重要开放 Issue 中，尤其是对 nn.Parameter 的支持请求，预示着 Helion 正逐步融入 PyTorch 原生生态，从底层 DSL 向更高级别 API 演进。虽然本月无官方博客或会议新动态，但 PyTorch Conference Europe 2026 的官宣为 Helion 在 2026 年的社区推广埋下伏笔。整体来看，Helion 在 2026-01 展现出清晰的技术演进路径——从底层内核优化向开发者友好性与框架整合并重的方向稳步前进。
pytorch/pytorch,Pretraining,Adopt,3.4993972007347427,广泛使用的开源机器学习框架，提供具有强大 GPU 加速功能的张量计算和基于磁带自动微分系统的深度神经网络。,在 2026 年 1 月，PyTorch 项目取得了显著进展。核心开发活动聚焦于提升编译器（Inductor）稳定性、优化分布式训练功能（FSDP2、DTensor）以及增强对 XPU、ROCm 等异构硬件的支持。本月发布了 v2.10.0 正式版本，标志着一系列性能优化和功能增强的落地。社区层面，官方通过发布通讯宣布了 PyTorch Conference Europe 2026 的举办，彰显了其推动全球开发者生态发展的决心。尽管未出现突破性新功能，但持续的高质量 bug 修复和测试完善，体现了项目在稳定性和工程成熟度上的稳步推进，为后续版本的创新奠定了坚实基础。
pytorch/rl,RL,Trial,1.1152776842249046,建立在 PyTorch 之上的强化学习库（TorchRL），提供模块化组件。,2026 年 1 月，PyTorch 的强化学习生态（TorchRL）迎来里程碑式进展。在核心仓库 pytorch/rl 上，v0.11.0 版本的发布标志着 Dreamer 架构的重大升级和多 Python 版本全面支持，为学术研究与工业部署提供了更稳定、高效的基础。围绕该版本，社区在当月高效完成了多项关键功能合并（如 index_select、随机数隔离）和关键 Bug 修复（如 StepCounter 状态追踪），体现出极强的协作效率。外部生态同样活跃：PyTorch 2.10 发布推动了整个框架的编译优化，TorchRL 与 Triton 的深度集成进一步提升了训练性能；同时，与 Lightning Labs 的合作为 RL 开发者引入了专用 AI 编辑器，大幅降低实验门槛。TAC 会议透露的路线图表明，未来 PyTorch 将重点融合强化学习与大模型（LLM）、AI 编译器与异构硬件，构建统一的“智能决策”开发栈。整体来看，2026-01 的 TorchRL 不仅是一次功能更新，更是 PyTorch 向“AI 原生决策系统”演进的关键一步，社区活力与技术前瞻性并存。
pytorch/torchchat,inference,Assess,0.35943268796809613,一个用于运行和与 LLM 聊天的小型代码库。,
pytorch/torchft,Pretraining,Assess,0.38255280964274896,为 PyTorch 分布式训练提供简单的“每步”容错能力，允许作业在失败后继续运行而无需重启。,在 2026-01，torchft 项目虽未发布新版本或合并重大功能 PR，但社区活动保持活跃。项目内部出现两个关键动态：一是用户反馈的 PyTorch 2.9.1 兼容性问题（Issue #304）获得关注，显示其在生产环境中的真实使用场景；二是新功能需求（Issue #309）提出支持跨 Worker 状态同步，体现用户对更高容错能力的期待，可能成为未来版本的核心方向。外部层面，PyTorch 基金会 TAC 会议文件显示 Meta 团队计划在 2026 年 2 月发布新内容，结合 PyTorch Conference Europe 2026 提案开放，表明 TorchFT 作为 PyTorch 容错训练的关键组件，正被纳入下一阶段生态演进蓝图。尽管当前无代码级更新，但其技术定位已明确：作为推动分布式训练可靠性的核心工具，将在 2026 年 Q1-Q2 伴随 PyTorch 2.10+ 发布迎来重要迭代。社区正从“问题修复”向“能力扩展”过渡，未来趋势值得持续关注。
pytorch/torchtitan,Pretraining,Assess,0.7354537879858168,PyTorch 原生库，作为一个简洁、可扩展的平台，用于训练大型生成式 AI 模型（如 Llama 3）。,2026 年 1 月，PyTorch TorchTitan 社区在没有发布新版本的情况下，仍实现了密集且高质量的工程推进。核心进展集中在两个方向：一是显著增强对 AMD ROCm 硬件生态的支持，通过新增 CI 测试与模型后端兼容性，为国产与开源显卡用户铺平道路；二是深度优化主流大模型（如 Qwen3、Llama4）的训练与推理效率，解决了 GQA 注意力冗余、权重绑定失效、损失计算偏差等关键瓶颈，这些修复直接提升了模型性能与稳定性。社区活跃度显著，多位贡献者（如 francesco-bertolotti、akashveramd）持续推动核心功能改进，Issue 与 PR 的响应与闭环效率高，体现出成熟的技术治理能力。虽然缺乏官方博客或会议曝光，但 GitHub 活动表明 TorchTitan 正稳步从“原型平台”向“工业级训练框架”演进。未来，随着对多模态、异构硬件与 PyTorch 生态的进一步融合，TorchTitan 有潜力成为 PyTorch 官方推荐的大模型训练基础设施之一。
pytorch/torchtune,finetune,Trial,0.4121262279010141,用于轻松微调大型语言模型的 PyTorch 原生库。,
ray-project/ray,Pretraining,Adopt,2.20413571426924,AI 计算引擎，提供用于扩展 Python 应用程序的统一框架，以及用于分布式训练、服务和数据处理的一套库。,在 2026 年 1 月，Ray 项目虽未发布新版本，但社区开发活动保持高度活跃，主要集中在核心架构的优化和模块稳定性提升。技术层面，Ray Data 持续进行内部重构，如移除老旧的 `BlockList` 抽象和 `TENSOR_COLUMN_NAME` 常量，同时增强了编码器功能和日志隔离能力。Ray Core 和 Autoscaler 修复了关键的调度与扩缩容问题，提升了生产环境的可靠性。训练和调优模块也进行了多项 API 完善与缺陷修复。社区层面，通过发起年度 Pulse 调查和设立 Office Hours，显著加强了与用户的互动。整体来看，Ray 在本月初步伐稳健，正为下一阶段的功能迭代和性能飞跃进行扎实的底层技术铺垫。
redhat-et/MCU,Kernels,Assess,0,Red Hat 研发的模型缓存单元（Model Caching Unit），旨在优化 AI 推理场景下的模型加载与显存管理，提升资源利用率。,在 2026 年 1 月，redhat-et/MCU 仓库保持了低频但稳定的维护节奏。核心活动集中于版本发布与缺陷修复，主要更新为 v0.1.2 版本的发布，该版本修复了文档链接失效和 GPU 检查逻辑错误等关键稳定性问题，体现了团队对生产环境可靠性的重视。虽然未引入显著新功能，但多个重要修复 PR（如 vLLM 缓存支持、Triton 内核兼容性）已在 1 月下旬提交待审，显示出开发团队对模型缓存系统扩展性的持续投入。社区互动方面，Issue #164 的提出为未来集成 Kyverno 安全策略提供了潜在路线图。整体来看，该仓库处于维护与演进并行的阶段：稳定版本持续发布，新功能逐步积累，但尚未进入快速迭代期。外部生态未见相关技术文章或会议曝光，影响力仍局限于内部或红帽生态内。建议后续关注未合并 PR 的进展，以判断其是否会在 2026 年第二季度成为新版本的发布基础。
sgl-project/ome,inference,Assess,0.4105831126407252,SGLang 生态中的优化或扩展组件。,
sgl-project/sglang,inference,Adopt,2.213095483404224,用于大型语言模型和视觉语言模型的结构化生成语言。,
thu-ml/tianshou,RL,Assess,0.9780443890945097,基于 PyTorch 的优雅且模块化的深度强化学习库（天授）。,在 2026-01 期间，thu-ml/tianshou 仓库未发布新版本、未合并新功能或修复性 PR，社区开发活动处于相对平静期。然而，该仓库在 GitHub Trending 列表中两次入选热门项目，表明其作为 Python 强化学习框架的影响力持续存在，仍被广泛推荐和关注。同时，社区出现了两个新 Issue：一个聚焦于 Atari 示例的性能问题（#1285），反映出部分用户在使用 v2.0 版本时仍面临稳定性挑战；另一个则为非技术性创意建议（#1286），未对项目方向产生实质影响。综合来看，tianshou 当前处于 v2.0 发布后的维护与稳定阶段，核心团队聚焦于修复遗留问题与文档完善，而社区生态的热度则由外部平台的推荐驱动，尚未出现新的功能突破或重大技术动向。
thu-pacman/chitu,inference,Assess,0.33178086258634865,清华大学 Pacman 实验室推出的推理加速系统（赤兔）。,
thunlp/OpenDelta,finetune,Assess,0.1585605451042033,清华大学 NLP 实验室推出的参数高效微调工具包。,
tile-ai/tilelang,Kernels,Assess,1.2426191615095572,一种面向高性能 AI 内核开发的编程语言，通过创新的 Tile 抽象和调度机制，简化了跨硬件平台的算子优化与生成。,2026 年 1 月，tile-ai/tilelang 仓库在社区活跃度与技术演进方面表现出强劲势头。核心进展集中于 v0.1.7.post3 版本的发布，该版本不仅修复了多个关键 Bug（如 FP4 向量化、CuTeDSL 后端、边界检查等），还引入了两项重要增强：一是通过 `T.alloc_barrier` 重构屏障管理机制，简化了异步同步编程模型；二是支持构建日期元数据，极大提升了发布版本的可追溯性与工程管理能力。此外，开发者持续优化对 AMD、Metal 等异构硬件的支持，显示出项目对多平台生态的重视。尽管本月未发布新论文或官方会议动态，但密集的 PR 活动（共 10+ 个有效关闭）和围绕核心编译器优化的深入协作，表明项目正稳步从原型走向生产级框架。开发团队以高质量、小步快跑的迭代模式，持续夯实 TileLang 作为高性能 AI 内核开发语言的底层能力，为后续的调度自动化与编译器集成打下坚实基础。
triton-lang/triton,Kernels,Trial,3.6594958141032072,一种用于编写高效深度学习原语的语言和编译器，旨在简化高性能 GPU 内核的开发，被广泛应用于 AI 模型加速。,2026 年 1 月，Triton 社区展现了强劲的开发活力，以 v3.6.0 的发布为核心，完成了多项关键功能升级与缺陷修复。在硬件支持方面，对 AMD 和 NVIDIA 最新架构（如 GFX1250、Blackwell）的优化显著增强，特别是在张量内存操作（TMA、Async Scatter）和编译流程（MIR Swap、LLVM 选项控制）上取得实质性突破。Gluon DSL 的持续演进进一步巩固了其作为高性能 DSL 的地位，而社区对 JIT 缓存与编译器内部结构的深入讨论，预示着未来版本将更注重系统稳定性和资源效率。同时，外部研究（如 TechRxiv 论文）开始将 Triton 视为自动内核生成和 AI 编译器创新的重要平台，提升了其在学术界的影响力。整体来看，Triton 在 2026 年初已从“高性能内核编写工具”向“端到端 AI 编译系统”稳步演进，生态成熟度显著提升。
unslothai/unsloth,finetune,Trial,1.2289674851233943,用于加速微调 LLM 的库，显著减少内存使用并提高训练速度。,
vipshop/cache-dit,inference,Assess,0.4849107016021459,唯品会推出的针对 DiT 模型的缓存优化库。,
vllm-project/aibrix,inference,Assess,0.573985783676032,vLLM 项目中的 AI 基础设施组件。,
vllm-project/production-stack,inference,Assess,0.5260777145190151,vLLM 的生产级部署堆栈参考实现。,
vllm-project/vllm,inference,Adopt,2.5517706880645212,用于 LLM 推理和服务的高吞吐量且内存高效的引擎。,
volcengine/verl,RL,Adopt,2.733252807568525,火山引擎推出的多功能环境强化学习库。,在 2026 年 1 月，volcengine/verl 项目迎来里程碑式版本 v0.7.0 的发布，标志着其从“训练工具库”向“生产级强化学习平台”的关键转型。核心突破在于引入 Hybrid-Controller 架构，实现模型训练与推理服务的解耦，显著提升大规模 RL 训练的灵活性与资源利用率。该版本深度集成 Megatron-Bridge 与 LoRA/PEFT，大幅降低万亿参数模型的训练门槛，并在国产 NPU 硬件（Ascend）上完成端到端训练脚本落地，展现出强大的生态适配能力。社区活跃度显著提升，1 月期间共合入 5 个关键 PR，涵盖训练优化、CI 增强与错误修复，并首次举办线下技术 Meetup，推动用户生态建设。同时，官方技术博客系统性输出架构设计思想，提升技术透明度。综合来看，verl 在此月完成了从“技术原型”到“工业级框架”的质变，不仅在功能上实现多维度突破，更在社区影响力与国产化支持方面取得实质性进展，成为国内大模型强化学习领域最具潜力的开源项目之一。
vwxyzjn/cleanrl,RL,Assess,0.881766602817541,简单、单文件实现的深度强化学习算法库。,在2026年1月，CleanRL 仓库维持了稳定的社区开发活动，虽然没有发布新版本，但通过多个 Pull Request 和 Issue 展现了其活跃的维护状态。核心进展包括对 JAX DQN 代码的可读性优化（PR #537）、修复超参数调优工具中的关键 Bug（PR #536），以及对缓冲区逻辑的重构以提升代码鲁棒性（PR #535）。社区反馈积极，Issues #532 和 #533 反映了用户对算法稳定性与工具可靠性的关注，并得到了及时响应。这些活动表明 CleanRL 项目在发布 v1.0.0 后依然保持着研究友好和工程严谨的路线，持续通过社区协作进行迭代与改进。尽管缺乏官方发布的博客或新闻动态，但其 GitHub 活动本身已充分证明了项目的持续生命力。
xdit-project/xDiT,inference,Assess,0.4519633239637637,用于 DiT（Diffusion Transformers）模型的并行推理库。,
xorbitsai/inference,inference,Assess,0.6996844664782123,Xorbits AI 推出的分布式推理框架。,
yifan123/flow_grpo,RL,Assess,0.3750344826415263,基于 GRPO 算法的流式处理或优化库。,在2026年1月，Flow-GRPO 项目持续保持活跃的开发节奏，核心进展体现在对 **qwen-image-edit-plus** 模型的双参考图像训练支持以及引入 **GARDO** 新方法以应对奖励欺骗问题。社区讨论热烈，Issue 涉及 noise_level 异常、GRPO-guard 实现细节及环境依赖等关键问题，反映出项目在实际应用中的广泛落地与挑战。尽管当月未发布新版本，但 PR 和 Issue 的高质量互动表明项目正积极向更稳定、更通用的多模态强化学习训练框架演进。未来方向明确指向对新型模型的快速适配、训练鲁棒性增强及复杂任务（如 OCR、多图编辑）的优化支持，展现出强大的技术迭代与社区响应能力。
